{"branches": 62.32961586121437, "coverage": 81.4936318023929}



