{"branches": 84.69565217391303, "coverage": 90.5940594059406}