{"branches": 65.14285714285715, "coverage": 76.5560734850562}