{"branches": 56.466069142125484, "coverage": 77.02970297029704}