{"branches": 58.70044052863436, "coverage": 78.61656999393992}