{"branches": 50.57142857142857, "coverage": 73.42809711558415}