{"branches": 84.69565217391303, "coverage": 90.58583503351792}