{"branches": 62.84090909090909, "coverage": 82.74980156980334}