{"branches": 57.934782608695656, "coverage": 76.88738928722059}