{"branches": 55.68039950062422, "coverage": 77.1022502960916}