{"branches": 60.770975056689345, "coverage": 80.06211180124222}