{"branches": 84.69565217391303, "coverage": 90.54624908958485}