{"branches": 62.32961586121437, "coverage": 81.40932441601241}