{"branches": 91.02803738317758, "coverage": 97.4669603524229}