{"branches": 60.56818181818182, "coverage": 80.12170385395537}