{"branches": 60.02252252252253, "coverage": 79.72783143107989}