{"branches": 59.48660714285714, "coverage": 79.33775991612791}