{"branches": 59.863945578231295, "coverage": 78.9417708056368}