{"branches": 60.59225512528473, "coverage": 80.07611966719773}