{"branches": 91.02803738317758, "coverage": 97.57709251101322}