{"branches": 61.78010471204188, "coverage": 75.56216316669764}