{"branches": 65.22727272727272, "coverage": 83.60670194003528}