{"branches": 87.1304347826087, "coverage": 93.78276062900409}