{"branches": 51.79558011049724, "coverage": 73.852275045909}