{"branches": 50.14164305949008, "coverage": 72.53254073998156}