{"branches": 90.43478260869566, "coverage": 97.20219209691375}