{"branches": 90.65420560747664, "coverage": 96.32955261499686}