{"branches": 58.70044052863436, "coverage": 78.52951328960994}