{"branches": 60.56818181818182, "coverage": 80.11468901632112}