{"branches": 57.934782608695656, "coverage": 76.83534679395116}