{"branches": 62.32961586121437, "coverage": 82.2235145875739}