{"branches": 59.22222222222222, "coverage": 79.16485049254642}