{"branches": 62.10526315789474, "coverage": 78.31278890600925}