{"branches": 61.79775280898876, "coverage": 79.36243256498284}