{"branches": 55.55555555555556, "coverage": 76.89892647356695}