{"branches": 57.10627400768246, "coverage": 77.34653465346535}
