{"branches": 62.32961586121437, "coverage": 81.39670223084384}