{"branches": 57.934782608695656, "coverage": 76.80939109872476}