{"branches": 57.80911062906724, "coverage": 76.77082455992588}