{"branches": 85.91304347826086, "coverage": 93.37507280139778}