{"branches": 57.065217391304344, "coverage": 77.14895346474295}