{"branches": 91.02803738317758, "coverage": 97.23096286972938}