{"branches": 55.8258642765685, "coverage": 76.70297029702971}