{"branches": 61.81818181818181, "coverage": 82.64397213158126}