{"branches": 60.770975056689345, "coverage": 80.14491473005214}