{"branches": 60.478359908883824, "coverage": 80.10766922601712}