{"branches": 70.11363636363637, "coverage": 85.21164021164022}