{"branches": 59.176029962546814, "coverage": 78.22524923502122}