{"branches": 60.478359908883824, "coverage": 80.02481389578163}