{"branches": 90.58380414312617, "coverage": 96.23893805309734}